andar;final;topologia;tipologia;area;preco_total;vagas
2;1;R2V;2 Dorm;99,20;1813565;1
2;2;R2V;2 Dorm;96,30;1760548;1
2;3;R2V;2 Dorm;86,30;1582161;1
2;5;R2V;2 Dorm;81,95;1515036;1
3;1;R2V;2 Dorm;96,30;1765109;1
3;2;R2V;2 Dorm;96,30;1765109;1
3;3;R2V;2 Dorm;86,30;1586260;1
3;6;R2V;2 Dorm;80,00;1482818;1
3;8;R2V;2 Dorm;84,90;1560526;1
5;1;R2V;2 Dorm;96,30;1751426;1
5;2;R2V;2 Dorm;96,30;1751426;1
5;3;R2V;2 Dorm;79,70;1465805;1
5;5;R2V;2 Dorm;79,70;1465805;1
5;6;R2V;2 Dorm;96,30;1751426;1
5;7;R2V;2 Dorm;96,30;1751426;1
5;8;R2V;2 Dorm;79,70;1465805;1
5;10;R2V;2 Dorm;80,20;1475001;1
6;1;R2V;2 Dorm;96,30;1755987;1
6;2;R2V;2 Dorm;97,70;1886605;1
6;3;R2V;2 Dorm;79,70;1469623;1
6;5;R2V;2 Dorm;79,70;1469623;1
6;6;R2V;2 Dorm;97,70;1886605;1
6;7;R2V;2 Dorm;96,30;1755987;1
6;8;R2V;2 Dorm;79,70;1469623;1
6;10;R2V;2 Dorm;80,20;1478842;1
7;1;R2V;2 Dorm;97,20;1777002;1
7;3;R2V;2 Dorm;79,10;1462347;1
7;5;R2V;2 Dorm;79,10;1462347;1
7;7;R2V;2 Dorm;97,20;1777002;1
7;8;R2V;2 Dorm;84,80;1554661;1
7;10;R2V;2 Dorm;85,40;1565661;1
8;1;R2V;2 Dorm;97,70;1896405;1
8;2;R2V;2 Dorm;96,30;1765109;1
8;3;R2V;2 Dorm;79,70;1477257;1
8;5;R2V;2 Dorm;79,70;1477257;1
8;6;R2V;2 Dorm;96,30;1765109;1
8;7;R2V;2 Dorm;97,70;1896405;1
8;8;R2V;2 Dorm;79,70;1477257;1
8;10;R2V;2 Dorm;80,20;1486525;1
9;2;R2V;2 Dorm;97,00;1782534;1
9;3;R2V;2 Dorm;84,70;1560873;1
9;5;R2V;2 Dorm;84,70;1560873;1
9;6;R2V;2 Dorm;97,00;1782534;1
9;8;R2V;2 Dorm;79,90;1484791;1
9;10;R2V;2 Dorm;80,50;1495941;1
10;1;R2V;2 Dorm;96,30;1774231;1
10;2;R2V;2 Dorm;97,70;1906206;1
10;3;R2V;2 Dorm;79,70;1484891;1
10;5;R2V;2 Dorm;79,70;1484891;1
10;6;R2V;2 Dorm;97,70;1906206;1
10;7;R2V;2 Dorm;96,30;1774231;1
10;8;R2V;2 Dorm;79,70;1484891;1
11;1;R2V;2 Dorm;97,20;1795416;1
11;2;R2V;Studio;52,60;911551;0
11;3;R2V;2 Dorm;79,10;1477501;1
11;5;R2V;2 Dorm;79,10;1477501;1
11;7;R2V;2 Dorm;97,20;1795416;1
11;8;R2V;2 Dorm;84,80;1570771;1
11;10;R2V;2 Dorm;85,40;1581885;1
12;1;R2V;2 Dorm;97,70;1916006;1
12;2;R2V;2 Dorm;96,30;1783353;1
12;3;R2V;2 Dorm;79,70;1492526;1
12;5;R2V;2 Dorm;79,70;1492526;1
12;6;R2V;2 Dorm;96,30;1783353;1
12;7;R2V;2 Dorm;97,70;1916006;1
12;8;R2V;2 Dorm;79,70;1492526;1
12;10;R2V;2 Dorm;80,20;1501889;1
13;2;R2V;2 Dorm;97,00;1800910;1
13;3;R2V;2 Dorm;84,70;1576965;1
13;5;R2V;2 Dorm;84,70;1576965;1
13;6;R2V;2 Dorm;97,00;1800910;1
13;8;R2V;2 Dorm;79,90;1500098;1
13;10;R2V;2 Dorm;80,50;1511363;1
14;1;R2V;2 Dorm;96,30;1797036;1
14;2;R2V;2 Dorm;97,70;1930707;1
14;3;R2V;2 Dorm;79,70;1503977;1
14;5;R2V;2 Dorm;79,70;1503977;1
14;6;R2V;2 Dorm;97,70;1930707;1
14;7;R2V;2 Dorm;96,30;1797036;1
14;8;R2V;2 Dorm;79,70;1503977;1
15;1;R2V;2 Dorm;97,20;1823038;1
15;3;R2V;2 Dorm;79,10;1500232;1
15;5;R2V;2 Dorm;79,10;1500232;1
15;7;R2V;2 Dorm;97,20;1823038;1
15;8;R2V;2 Dorm;84,80;1594937;1
15;10;R2V;2 Dorm;85,40;1606222;1
16;1;R2V;2 Dorm;97,70;1950308;1
16;2;R2V;2 Dorm;96,30;1815280;1
16;3;R2V;2 Dorm;79,70;1519246;1
16;5;R2V;2 Dorm;79,70;1519246;1
16;6;R2V;2 Dorm;96,30;1815280;1
16;7;R2V;2 Dorm;97,70;1950308;1
16;8;R2V;2 Dorm;79,70;1519246;1
16;10;R2V;2 Dorm;80,20;1528777;1
17;2;R2V;2 Dorm;97,00;1837664;1
17;3;R2V;2 Dorm;84,70;1609148;1
17;5;R2V;2 Dorm;84,70;1609148;1
17;6;R2V;2 Dorm;97,00;1837664;1
17;7;R2V;Studio;52,10;926037;0
17;8;R2V;2 Dorm;79,90;1530712;1
17;10;R2V;2 Dorm;80,50;1542207;1
18;1;R2V;2 Dorm;96,30;1833524;1
18;2;R2V;2 Dorm;97,70;1969909;1
18;3;R2V;2 Dorm;79,70;1534515;1
18;5;R2V;2 Dorm;79,70;1534515;1
18;6;R2V;2 Dorm;97,70;1969909;1
18;7;R2V;2 Dorm;96,30;1833524;1
18;8;R2V;2 Dorm;79,70;1534515;1
18;10;R2V;2 Dorm;80,20;1544142;1
19;1;R2V;2 Dorm;97,20;1859867;1
19;2;R2V;Studio;52,60;944274;0
19;3;R2V;2 Dorm;79,10;1530540;1
19;5;R2V;2 Dorm;79,10;1530540;1
19;7;R2V;2 Dorm;97,20;1859867;1
19;8;R2V;2 Dorm;84,80;1627158;1
19;10;R2V;2 Dorm;85,40;1638671;1
20;1;R2V;2 Dorm;97,70;1989510;1
20;2;R2V;2 Dorm;96,30;1851768;1
20;3;R2V;2 Dorm;79,70;1549784;1
20;5;R2V;2 Dorm;79,70;1549784;1
20;6;R2V;2 Dorm;96,30;1851768;1
20;7;R2V;2 Dorm;97,70;1989510;1
20;8;R2V;2 Dorm;79,70;1549784;1
20;10;R2V;2 Dorm;80,20;1559506;1
21;2;R2V;2 Dorm;97,00;1874417;1
21;3;R2V;2 Dorm;84,70;1641331;1
21;5;R2V;2 Dorm;84,70;1641331;1
21;6;R2V;2 Dorm;97,00;1874417;1
21;8;R2V;2 Dorm;79,90;1561326;1
21;10;R2V;2 Dorm;80,50;1573051;1
22;1;R2V;2 Dorm;96,30;1870012;1
22;2;R2V;2 Dorm;97,70;2009112;1
22;3;R2V;2 Dorm;79,70;1565053;1
22;5;R2V;2 Dorm;79,70;1565053;1
22;6;R2V;2 Dorm;97,70;2009112;1
22;7;R2V;2 Dorm;96,30;1870012;1
22;8;R2V;2 Dorm;79,70;1565053;1
22;10;R2V;2 Dorm;80,20;1574871;1
23;1;R2V;2 Dorm;97,20;1901300;1
23;2;R2V;Studio;52,60;965309;0
23;3;R2V;2 Dorm;79,10;1564636;1
23;5;R2V;2 Dorm;79,10;1564636;1
23;7;R2V;2 Dorm;97,20;1901300;1
23;8;R2V;2 Dorm;84,80;1663406;1
23;10;R2V;2 Dorm;85,40;1675176;1
24;1;R2V;2 Dorm;97,70;2038513;1
24;2;R2V;2 Dorm;96,30;1897378;1
24;3;R2V;2 Dorm;79,70;1587956;1
24;5;R2V;2 Dorm;79,70;1587956;1
24;6;R2V;2 Dorm;96,30;1897378;1
24;7;R2V;2 Dorm;97,70;2038513;1
24;8;R2V;2 Dorm;79,70;1587956;1
24;10;R2V;2 Dorm;80,20;1597918;1
25;2;R2V;2 Dorm;97,00;1924953;1
25;3;R2V;2 Dorm;84,70;1685582;1
25;5;R2V;2 Dorm;84,70;1685582;1
25;6;R2V;2 Dorm;97,00;1924953;1
25;8;R2V;2 Dorm;79,90;1603421;1
25;10;R2V;2 Dorm;80,50;1615462;1
26;1;R2V;2 Dorm;96,30;1924744;1
26;2;R2V;2 Dorm;97,70;2067915;1
26;3;R2V;2 Dorm;79,70;1610859;1
26;5;R2V;2 Dorm;79,70;1610859;1
26;6;R2V;2 Dorm;97,70;2067915;1
26;7;R2V;2 Dorm;96,30;1924744;1
26;8;R2V;2 Dorm;79,70;1610859;1
27;1;R2V;2 Dorm;97,20;1956543;1
27;2;R2V;Studio;52,60;993357;0
27;3;R2V;2 Dorm;79,10;1610098;1
27;5;R2V;2 Dorm;79,10;1610098;1
27;7;R2V;2 Dorm;97,20;1956543;1
27;8;R2V;2 Dorm;84,80;1711738;1
27;10;R2V;2 Dorm;85,40;1723849;1
28;1;R2V;2 Dorm;97,70;2102217;1
28;2;R2V;2 Dorm;96,30;1956671;1
28;3;R2V;2 Dorm;79,70;1637579;1
28;5;R2V;2 Dorm;79,70;1637579;1
28;6;R2V;2 Dorm;96,30;1956671;1
28;7;R2V;2 Dorm;97,70;2102217;1
28;8;R2V;2 Dorm;79,70;1637579;1
28;10;R2V;2 Dorm;80,20;1647853;1
29;2;R2V;2 Dorm;97,00;1989271;1
29;3;R2V;2 Dorm;84,70;1741902;1
29;5;R2V;2 Dorm;84,70;1741902;1
29;6;R2V;2 Dorm;97,00;1989271;1
29;7;R2V;Studio;52,10;1002435;0
29;8;R2V;2 Dorm;79,90;1656996;1
29;10;R2V;2 Dorm;80,50;1669439;1
30;1;R2V;2 Dorm;96,30;1993159;1
30;2;R2V;2 Dorm;97,70;2141419;1
30;3;R2V;2 Dorm;79,70;1668117;1
30;5;R2V;2 Dorm;79,70;1668117;1
30;6;R2V;2 Dorm;97,70;2141419;1
30;7;R2V;2 Dorm;96,30;1993159;1
30;8;R2V;2 Dorm;79,70;1668117;1
30;10;R2V;2 Dorm;80,20;1678582;1
31;1;R2V;2 Dorm;97,20;2030201;1
31;2;R2V;Studio;52,60;1030754;0
31;3;R2V;2 Dorm;79,10;1670713;1
31;5;R2V;2 Dorm;79,10;1670713;1
31;7;R2V;2 Dorm;97,20;2030201;1
31;8;R2V;2 Dorm;84,80;1776180;1
31;10;R2V;2 Dorm;85,40;1788747;1
32;1;R2V;2 Dorm;97,70;2180621;1
32;2;R2V;2 Dorm;96,30;2029647;1
32;3;R2V;2 Dorm;79,70;1698655;1
32;5;R2V;2 Dorm;79,70;1698655;1
32;6;R2V;2 Dorm;96,30;2029647;1
32;7;R2V;2 Dorm;97,70;2180621;1
32;8;R2V;2 Dorm;79,70;1698655;1
32;10;R2V;2 Dorm;80,20;1709311;1
33;2;R2V;2 Dorm;97,00;2065534;1
33;3;R2V;2 Dorm;84,70;1808682;1
33;5;R2V;2 Dorm;84,70;1808682;1
33;6;R2V;2 Dorm;97,00;2065534;1
33;7;R2V;Studio;52,10;1040866;0
33;8;R2V;2 Dorm;79,90;1720521;1
33;10;R2V;2 Dorm;80,50;1733441;1
34;1;R2V;2 Dorm;96,30;2071608;1
34;2;R2V;2 Dorm;97,70;2225704;1
34;3;R2V;2 Dorm;79,70;1733773;1
34;5;R2V;2 Dorm;79,70;1733773;1
34;6;R2V;2 Dorm;97,70;2225704;1
34;7;R2V;2 Dorm;96,30;2071608;1
34;8;R2V;2 Dorm;79,70;1733773;1
34;10;R2V;2 Dorm;80,20;1744650;1
35;1;R2V;2 Dorm;97,20;2112146;1
35;2;R2V;Studio;52,60;1072358;0
35;3;R2V;2 Dorm;79,10;1738148;1
35;5;R2V;2 Dorm;79,10;1738148;1
35;7;R2V;2 Dorm;97,20;2112146;1
35;8;R2V;2 Dorm;84,80;1847871;1
35;10;R2V;2 Dorm;85,40;1860946;1